Date,Open,High,Low,Close,Volume,Dividends,Stock Splits,Ticker
2013-12-01,54.9818420466418,55.27501025199871,52.60298096720903,54.62166213989258,53782000.0,0.0,0,CL
2014-01-01,54.35362168681485,54.83106887537219,50.25762570324721,51.287906646728516,75954700.0,0.0,0,CL
2014-02-01,51.550263886815664,53.17541944136669,50.312450274757765,52.90596389770508,72438400.0,0.0,0,CL
2014-03-01,52.40073192877076,55.50789294882628,52.20706095905966,54.62374496459961,64729700.0,0.0,0,CL
2014-04-01,54.62375279880596,57.21726034882845,53.78170009556687,56.6699333190918,78204100.0,0.0,0,CL
2014-05-01,56.873646760854655,57.965743457157124,55.95933234642396,57.9064826965332,58331300.0,0.0,0,CL
2014-06-01,57.677909657328854,58.812338409440066,56.70434079277737,57.72024154663086,54575600.0,0.0,0,CL
2014-07-01,57.99113663535285,59.35414050948276,53.6735496520996,53.67354965209961,55878500.0,0.0,0,CL
2014-08-01,53.663041859968445,55.90963542107706,53.518372919819114,55.08418655395508,69051100.0,0.0,0,CL
2014-09-01,54.83740847655616,56.47129612205136,53.91834424128047,55.50117492675781,72310400.0,0.0,0,CL
2014-10-01,55.501158267872526,57.118028605549405,53.21201002428036,56.913787841796875,86218600.0,0.0,0,CL
2014-11-01,57.1652306163733,59.81810665810387,57.08820820153512,59.55281448364258,44724700.0,0.0,0,CL
2014-12-01,58.76553055324543,61.024755381113486,57.55034272729839,59.210533142089844,62216800.0,0.0,0,CL
2015-01-01,59.19340424261555,59.441577466237895,55.51360990959183,57.78138732910156,77671100.0,0.0,0,CL
2015-02-01,57.94696322343927,61.3277764818811,57.62006763749364,60.92345428466797,51754600.0,0.0,0,CL
2015-03-01,60.92344510576511,61.56003391437875,57.534027942676126,59.65026092529297,66453100.0,0.0,0,CL
2015-04-01,59.65027619684307,60.596565082887686,57.448018200040785,57.87814712524414,54188000.0,0.0,0,CL
2015-05-01,58.201201982663385,59.9313209790559,57.73406906165178,57.77732467651367,54645000.0,0.0,0,CL
2015-06-01,57.70811908724576,58.45207079341245,56.081809585328955,56.58354568481445,71702200.0,0.0,0,CL
2015-07-01,56.739248125616875,59.88807070472647,56.70465155431111,58.84134292602539,64249000.0,0.0,0,CL
2015-08-01,58.85982045809814,60.2865136948908,44.227506933269844,54.64063262939453,76452400.0,0.0,0,CL
2015-09-01,53.605415468525074,55.788951742192005,52.98776216496854,55.20609664916992,96105300.0,0.0,0,CL
2015-10-01,55.310481984894594,60.40830282251543,54.85811527959471,57.72019958496094,72118800.0,0.0,0,CL
2015-11-01,58.416600870258925,59.588960925028964,56.439347557209345,57.46297073364258,63486700.0,0.0,0,CL
2015-12-01,57.541709302608496,59.921419315273354,56.859293834986275,58.28537368774414,68985500.0,0.0,0,CL
2016-01-01,57.21798202073778,59.18649053056889,53.71841133659359,59.08150100708008,91296100.0,0.0,0,CL
2016-02-01,58.915062976349766,60.20022564802045,56.3359332630214,57.779541015625,71113700.0,0.0,0,CL
2016-03-01,58.149240662990834,62.71773464059289,58.034810722725936,62.1895866394043,70433200.0,0.0,0,CL
2016-04-01,61.80228532954409,63.193080447865626,60.068193617123455,62.42726135253906,70905000.0,0.0,0,CL
2016-05-01,63.255661134602725,64.36199351277189,61.53863112287876,62.3174934387207,64598400.0,0.0,0,CL
2016-06-01,62.31749894342022,64.78682708740234,61.69794870540851,64.78682708740234,66417000.0,0.0,0,CL
2016-07-01,64.78683869994327,66.67203389838622,64.28235127061039,65.87547302246094,64386900.0,0.0,0,CL
2016-08-01,66.23073918362023,67.06707111788243,65.74139061461878,66.14176177978516,50128700.0,0.0,0,CL
2016-09-01,66.17735990357177,67.04038924290701,63.04554902283306,65.96382904052734,70865300.0,0.0,0,CL
2016-10-01,65.77697776705243,65.90153798215175,62.50280899582158,63.49039840698242,61456700.0,0.0,0,CL
2016-11-01,63.92708936070181,64.16863130688877,58.353824615478516,58.353824615478516,81730200.0,0.0,0,CL
2016-12-01,58.353824844584,60.20561686365148,57.66499007327641,58.54168701171875,68323800.0,0.0,0,CL
2017-01-01,58.64904441101935,61.27912891644407,56.74357906380954,57.77235412597656,88478100.0,0.0,0,CL
2017-02-01,58.03430592950703,67.56272588711174,57.97132323641554,65.66424560546875,109429700.0,0.0,0,CL
2017-03-01,65.72723741616747,66.9778988271878,65.30435061906282,65.85320281982422,79175600.0,0.0,0,CL
2017-04-01,65.77222146766967,67.37378749185423,63.13593373859967,64.8184814453125,65033600.0,0.0,0,CL
2017-05-01,65.39515975260986,69.52928420035511,63.920627598320074,69.07697296142578,95453800.0,0.0,0,CL
2017-06-01,69.20359600455602,69.900152038695,66.97822629457663,67.05963897705078,59073800.0,0.0,0,CL
2017-07-01,67.24961953300605,67.47577511158364,63.1245439883014,65.31372833251953,68845300.0,0.0,0,CL
2017-08-01,65.59558637535851,65.81390284283245,64.27658208666942,65.16804504394531,59899700.0,0.0,0,CL
2017-09-01,65.18623196909984,67.23296675049961,64.37662827062643,66.26872253417969,57647100.0,0.0,0,CL
2017-10-01,66.42335075250728,69.2251044001081,62.812007436652216,64.08552551269531,80008000.0,0.0,0,CL
2017-11-01,64.68490381936904,67.52950346425533,63.797680479679904,66.26726531982422,70112200.0,0.0,0,CL
2017-12-01,66.32213683657346,69.25820072091442,65.7916312556689,69.01123809814453,60195000.0,0.0,0,CL
2018-01-01,68.99296060042232,71.26132561701498,66.26726454630288,67.90451049804688,88767800.0,0.0,0,CL
2018-02-01,68.33956610280865,68.61538416405037,62.694404205546654,63.41154098510742,77241000.0,0.0,0,CL
2018-03-01,63.319589428852744,66.46396101689938,62.390986001556506,65.90312194824219,80751400.0,0.0,0,CL
2018-04-01,65.57213788548962,66.75817431660735,59.61437462921578,59.97294998168945,94826200.0,0.0,0,CL
2018-05-01,59.90828282146587,60.47240893716267,56.671496871693016,58.34537887573242,105865700.0,0.0,0,CL
2018-06-01,58.49335172287062,60.73135653021957,57.30961387619462,59.936031341552734,94871300.0,0.0,0,CL
2018-07-01,59.74182669466908,62.81214946679731,59.21469319949037,61.97058868408203,78389000.0,0.0,0,CL
2018-08-01,62.20223972343453,63.69144346303645,60.508269138184176,61.81132507324219,64552600.0,0.0,0,CL
2018-09-01,61.18772361786,64.4919008711609,60.45242761469746,62.313934326171875,57660400.0,0.0,0,CL
2018-10-01,62.32323466202936,63.10507105817543,53.43454213497788,55.426353454589844,118852700.0,0.0,0,CL
2018-11-01,55.87006432281821,59.95514750552035,55.579609914706644,59.5147819519043,109577700.0,0.0,0,CL
2018-12-01,59.458562386990415,61.725968850597575,53.8837357770033,55.766998291015625,100054300.0,0.0,0,CL
2019-01-01,55.50465626055168,60.76091782272466,54.92374744295212,60.60163879394531,104403100.0,0.0,0,CL
2019-02-01,61.21829614056595,63.642502592027704,60.55800204925644,62.133270263671875,72085600.0,0.0,0,CL
2019-03-01,62.18042919001049,64.7178307521303,61.1051007116477,64.65180206298828,71090200.0,0.0,0,CL
2019-04-01,64.50086931306929,68.7172918949146,63.434975658573755,68.66069793701172,67310600.0,0.0,0,CL
2019-05-01,68.41710420541675,69.38526756342299,65.91126196408102,66.08211517333984,65808500.0,0.0,0,CL
2019-06-01,66.15803989265702,70.47682463569559,66.05362920275039,68.0279312133789,67419100.0,0.0,0,CL
2019-07-01,68.3031969959577,72.52706502217089,67.51537349269468,68.09437561035156,73626700.0,0.0,0,CL
2019-08-01,68.38467343726991,71.17238320428203,65.31056735525085,70.7905044555664,67343700.0,0.0,0,CL
2019-09-01,70.33224388435917,71.60198754491778,65.84518891170333,70.17949676513672,69830600.0,0.0,0,CL
2019-10-01,69.48256879064728,69.89308715126141,63.77350762720157,65.49195098876953,76007000.0,0.0,0,CL
2019-11-01,64.79242960335617,65.3112310570698,62.20803180519327,65.15750885009766,75572200.0,0.0,0,CL
2019-12-01,65.33044678286458,66.61783736289101,64.1775594774714,66.13746643066406,74443300.0,0.0,0,CL
2020-01-01,66.13746276982657,72.0268147640642,64.82125117950201,70.88352966308594,89823500.0,0.0,0,CL
2020-02-01,71.58432206730883,74.82234426210819,64.10305663191633,65.31127166748047,91015500.0,0.0,0,CL
2020-03-01,66.21984719708055,72.94718716926639,56.53479569309157,64.14171600341797,178573700.0,0.0,0,CL
2020-04-01,62.58552449077019,71.41999021503995,61.94758355858572,67.9209976196289,87767500.0,0.0,0,CL
2020-05-01,68.26571355302241,70.58014002948882,63.73411856503291,70.33702850341797,89641400.0,0.0,0,CL
2020-06-01,70.27867471440888,73.32243568343328,68.3532356368496,71.24140167236328,89243600.0,0.0,0,CL
2020-07-01,71.24140514482059,75.32567589928125,70.60931368017962,75.07283782958984,74945600.0,0.0,0,CL
2020-08-01,75.02688952284515,77.77559822149198,73.95088603814001,77.53105163574219,63648600.0,0.0,0,CL
2020-09-01,77.42345188249405,78.35272593925698,72.72815436955483,75.46707916259766,66194300.0,0.0,0,CL
2020-10-01,75.83877925363089,79.32111993776039,73.91175113472701,77.16911315917969,71183400.0,0.0,0,CL
2020-11-01,78.86364897883888,84.99137155314875,78.20465047283916,84.2340087890625,81412700.0,0.0,0,CL
2020-12-01,84.35203575721799,84.96185209340727,82.75862943489295,84.10614013671875,60247300.0,0.0,0,CL
2021-01-01,83.38812493787816,84.155318103671,76.56205984014565,76.71943664550781,105462900.0,0.0,0,CL
2021-02-01,77.78061411857496,79.2543291462815,74.32875527799311,74.37820434570312,76863600.0,0.0,0,CL
2021-03-01,74.61558338202464,79.09607769138823,73.32978694822069,77.96853637695312,126760600.0,0.0,0,CL
2021-04-01,77.67181574577607,81.15335308850948,76.73220045136748,79.81809997558594,92791900.0,0.0,0,CL
2021-05-01,80.40676975557089,84.4549656566951,79.76025921691753,83.33101654052734,74911000.0,0.0,0,CL
2021-06-01,84.49474550734482,84.55442912441757,79.78014953804087,80.9140396118164,90945300.0,0.0,0,CL
2013-12-01,2.309999942779541,2.5799999237060547,2.180000066757202,2.5399999618530273,33457200.0,0.0,0,NG
2014-01-01,2.630000114440918,3.2100000381469727,2.5399999618530273,2.9100000858306885,39781200.0,0.0,0,NG
2014-02-01,2.950000047683716,3.799999952316284,2.9100000858306885,3.690000057220459,49578900.0,0.0,0,NG
2014-03-01,3.8399999141693115,4.619999885559082,3.4100000858306885,3.609999895095825,75878900.0,0.0,0,NG
2014-04-01,3.6500000953674316,3.880000114440918,3.3499999046325684,3.5299999713897705,26928400.0,0.0,0,NG
2014-05-01,3.490000009536743,3.6700000762939453,2.9100000858306885,3.009999990463257,27720500.0,0.0,0,NG
2014-06-01,2.9800000190734863,4.400000095367432,2.9600000381469727,4.210000038146973,34852300.0,0.0,0,NG
2014-07-01,4.21999979019165,4.400000095367432,3.75,3.759999990463257,29351700.0,0.0,0,NG
2014-08-01,3.799999952316284,3.950000047683716,3.440000057220459,3.950000047683716,20780700.0,0.0,0,NG
2014-09-01,3.819999933242798,3.9800000190734863,3.0199999809265137,3.0299999713897705,20666500.0,0.0,0,NG
2014-10-01,3.049999952316284,3.200000047683716,2.3299999237060547,2.4700000286102295,40822900.0,0.0,0,NG
2014-11-01,2.430000066757202,3.119999885559082,2.3499999046325684,2.759999990463257,33122400.0,0.0,0,NG
2014-12-01,2.8299999237060547,3.1600000858306885,2.559999942779541,2.950000047683716,90285500.0,0.0,0,NG
2015-01-01,2.859999895095825,3.950000047683716,2.8499999046325684,3.7300000190734863,57254600.0,0.0,0,NG
2015-02-01,3.690000057220459,4.139999866485596,3.5799999237060547,3.7200000286102295,33883200.0,0.0,0,NG
2015-03-01,3.7100000381469727,3.75,2.7200000286102295,2.9600000381469727,46097500.0,0.0,0,NG
2015-04-01,2.990000009536743,4.019999980926514,2.9000000953674316,3.8399999141693115,28955200.0,0.0,0,NG
2015-05-01,3.799999952316284,4.25,3.7200000286102295,4.090000152587891,20841500.0,0.0,0,NG
2015-06-01,4.119999885559082,4.179999828338623,3.369999885559082,3.4200000762939453,28940200.0,0.0,0,NG
2015-07-01,3.4000000953674316,3.4800000190734863,2.6500000953674316,3.049999952316284,31035600.0,0.0,0,NG
2015-08-01,3.009999990463257,3.880000114440918,2.9100000858306885,3.7300000190734863,32585500.0,0.0,0,NG
2015-09-01,3.740000009536743,3.859999895095825,3.390000104904175,3.609999895095825,25982600.0,0.0,0,NG
2015-10-01,3.640000104904175,4.050000190734863,3.450000047683716,3.619999885559082,30277100.0,0.0,0,NG
2015-11-01,3.5999999046325684,3.759999990463257,3.049999952316284,3.740000009536743,25028900.0,0.0,0,NG
2015-12-01,3.7699999809265137,4.599999904632568,3.700000047683716,4.210000038146973,37463200.0,0.0,0,NG
2016-01-01,4.349999904632568,4.440000057220459,3.5,4.210000038146973,41507200.0,0.0,0,NG
2016-02-01,4.25,5.050000190734863,4.03000020980835,4.960000038146973,44915200.0,0.0,0,NG
2016-03-01,4.96999979019165,5.570000171661377,4.699999809265137,5.039999961853027,49201300.0,0.0,0,NG
2016-04-01,4.900000095367432,6.510000228881836,4.849999904632568,6.489999771118164,61226400.0,0.0,0,NG
2016-05-01,6.570000171661377,6.570000171661377,5.010000228881836,5.380000114440918,47537900.0,0.0,0,NG
2016-06-01,5.420000076293945,6.789999961853027,5.21999979019165,6.119999885559082,75147600.0,0.0,0,NG
2016-07-01,6.289999961853027,7.289999961853027,6.059999942779541,6.960000038146973,53928300.0,0.0,0,NG
2016-08-01,7.0,7.269999980926514,5.119999885559082,5.150000095367432,48753700.0,0.0,0,NG
2016-09-01,5.099999904632568,6.050000190734863,5.050000190734863,5.599999904632568,46583400.0,0.0,0,NG
2016-10-01,5.650000095367432,5.650000095367432,4.0,5.0,52954400.0,0.0,0,NG
2016-11-01,5.119999885559082,5.539999961853027,4.010000228881836,4.579999923706055,53656700.0,0.0,0,NG
2016-12-01,4.519999980926514,4.900000095367432,3.7899999618530273,4.559999942779541,48161200.0,0.0,0,NG
2017-01-01,4.5,5.449999809265137,4.400000095367432,5.320000171661377,42652700.0,0.0,0,NG
2017-02-01,5.25,6.210000038146973,5.159999847412109,5.289999961853027,44284800.0,0.0,0,NG
2017-03-01,5.179999828338623,5.639999866485596,4.690000057220459,4.869999885559082,60567700.0,0.0,0,NG
2017-04-01,4.809999942779541,5.079999923706055,3.890000104904175,4.179999828338623,55318300.0,0.0,0,NG
2017-05-01,4.139999866485596,4.539999961853027,3.7799999713897705,3.930000066757202,56881900.0,0.0,0,NG
2017-06-01,3.869999885559082,4.889999866485596,3.8499999046325684,4.559999942779541,78199500.0,0.0,0,NG
2017-07-01,4.449999809265137,4.699999809265137,4.28000020980835,4.46999979019165,40311000.0,0.0,0,NG
2017-08-01,4.449999809265137,4.570000171661377,3.9100000858306885,4.360000133514404,39193800.0,0.0,0,NG
2017-09-01,4.389999866485596,4.639999866485596,4.019999980926514,4.119999885559082,32123400.0,0.0,0,NG
2017-10-01,4.110000133514404,4.309999942779541,4.03000020980835,4.070000171661377,35737300.0,0.0,0,NG
2017-11-01,4.059999942779541,4.230000019073486,3.7699999809265137,3.8499999046325684,25485800.0,0.0,0,NG
2017-12-01,3.8499999046325684,4.110000133514404,3.3499999046325684,3.930000066757202,32625700.0,0.0,0,NG
2018-01-01,3.9700000286102295,4.420000076293945,3.5999999046325684,3.7200000286102295,38640000.0,0.0,0,NG
2018-02-01,3.6600000858306885,4.21999979019165,3.5899999141693115,3.9600000381469727,33728500.0,0.0,0,NG
2018-03-01,3.930000066757202,4.71999979019165,3.859999895095825,4.329999923706055,33364700.0,0.0,0,NG
2018-04-01,4.389999866485596,4.940000057220459,4.320000171661377,4.78000020980835,25137800.0,0.0,0,NG
2018-05-01,4.760000228881836,5.050000190734863,4.539999961853027,4.840000152587891,25031800.0,0.0,0,NG
2018-06-01,4.820000171661377,4.849999904632568,4.150000095367432,4.449999809265137,29067400.0,0.0,0,NG
2018-07-01,4.409999847412109,4.679999828338623,4.269999980926514,4.309999942779541,34699300.0,0.0,0,NG
2018-08-01,4.300000190734863,4.420000076293945,3.430000066757202,3.6700000762939453,28301900.0,0.0,0,NG
2018-09-01,3.630000114440918,3.9200000762939453,3.4100000858306885,3.7100000381469727,19958600.0,0.0,0,NG
2018-10-01,3.6600000858306885,4.329999923706055,3.640000104904175,4.03000020980835,27899500.0,0.0,0,NG
2018-11-01,4.090000152587891,4.25,3.619999885559082,3.6700000762939453,24213000.0,0.0,0,NG
2018-12-01,3.75,4.079999923706055,3.690000057220459,3.950000047683716,32781500.0,0.0,0,NG
2019-01-01,3.930000066757202,4.150000095367432,3.4200000762939453,3.890000104904175,23172300.0,0.0,0,NG
2019-02-01,3.9000000953674316,4.0,3.5199999809265137,3.9700000286102295,23441400.0,0.0,0,NG
2019-03-01,3.9600000381469727,4.5,3.8399999141693115,4.170000076293945,31445300.0,0.0,0,NG
2019-04-01,4.159999847412109,4.539999961853027,3.950000047683716,4.0,26315000.0,0.0,0,NG
2019-05-01,4.0,4.070000171661377,3.690000057220459,4.050000190734863,23215200.0,0.0,0,NG
2019-06-01,4.090000152587891,5.920000076293945,4.0,5.909999847412109,86713000.0,0.0,0,NG
2019-07-01,5.710000038146973,6.579999923706055,5.400000095367432,6.170000076293945,56975400.0,0.0,0,NG
2019-08-01,6.010000228881836,7.949999809265137,5.960000038146973,7.440000057220459,63956400.0,0.0,0,NG
2019-09-01,7.599999904632568,7.619999885559082,5.989999771118164,6.070000171661377,57940400.0,0.0,0,NG
2019-10-01,6.039999961853027,7.289999961853027,6.010000228881836,7.28000020980835,48087800.0,0.0,0,NG
2019-11-01,7.179999828338623,7.260000228881836,6.139999866485596,6.960000038146973,31199800.0,0.0,0,NG
2019-12-01,6.949999809265137,9.210000038146973,6.619999885559082,8.960000038146973,44345800.0,0.0,0,NG
2020-01-01,9.0,9.479999542236328,8.170000076293945,9.119999885559082,48964300.0,0.0,0,NG
2020-02-01,9.069999694824219,9.800000190734863,7.599999904632568,7.980000019073486,46295300.0,0.0,0,NG
2020-03-01,8.220000267028809,9.270000457763672,4.650000095367432,7.380000114440918,88094600.0,0.0,0,NG
2020-04-01,7.449999809265137,12.850000381469727,7.269999980926514,11.1899995803833,74263800.0,0.0,0,NG
2020-05-01,10.90999984741211,12.149999618530273,9.34000015258789,9.5600004196167,72273800.0,0.0,0,NG
2020-06-01,9.5600004196167,9.800000190734863,7.889999866485596,9.180000305175781,85109000.0,0.0,0,NG
2020-07-01,9.3100004196167,10.010000228881836,7.960000038146973,9.119999885559082,50892400.0,0.0,0,NG
2020-08-01,9.140000343322754,10.75,8.149999618530273,10.59000015258789,37572400.0,0.0,0,NG
2020-09-01,10.770000457763672,12.100000381469727,9.949999809265137,11.890000343322754,49608900.0,0.0,0,NG
2020-10-01,11.699999809265137,11.920000076293945,10.020000457763672,10.359999656677246,30669000.0,0.0,0,NG
2020-11-01,10.489999771118164,11.5,9.720000267028809,9.960000038146973,27785700.0,0.0,0,NG
2020-12-01,10.229999542236328,11.029999732971191,9.65999984741211,9.670000076293945,27106600.0,0.0,0,NG
2021-01-01,9.989999771118164,10.4399995803833,8.520000457763672,9.119999885559082,26028700.0,0.0,0,NG
2021-02-01,9.479999542236328,9.850000381469727,8.3100004196167,8.350000381469727,23864500.0,0.0,0,NG
2021-03-01,8.359999656677246,9.670000076293945,8.010000228881836,8.760000228881836,31688700.0,0.0,0,NG
2021-04-01,8.859999656677246,9.9399995803833,8.8100004196167,8.989999771118164,16787600.0,0.0,0,NG
2021-05-01,9.079999923706055,10.390000343322754,9.0600004196167,10.260000228881836,15419300.0,0.0,0,NG
2021-06-01,10.390000343322754,10.449999809265137,7.849999904632568,8.010000228881836,26262000.0,0.0,0,NG
2013-12-01,25.03959487433648,28.56445019765041,24.177132042995023,27.655113220214844,128141200.0,0.0,0,X
2014-01-01,28.095721677461313,29.201926579466946,22.930308383493344,24.477121353149414,171994200.0,0.0,0,X
2014-02-01,24.514615438021767,25.602070527211172,21.861599727454653,22.70531463623047,142143500.0,0.0,0,X
2014-03-01,22.44919441037041,26.43181284890623,22.298907057336347,25.93398666381836,124179700.0,0.0,0,X
2014-04-01,26.084275570802394,27.05175023964989,23.811176981285932,24.440505981445312,109107400.0,0.0,0,X
2014-05-01,24.431108113795172,24.910149660132294,21.538074262800148,21.64139747619629,104778700.0,0.0,0,X
2014-06-01,21.760061555474547,24.800069613949496,21.14829370509127,24.508304595947266,104900500.0,0.0,0,X
2014-07-01,24.77183848675015,31.8589173518327,24.160072310709975,31.520095825195312,212437400.0,0.0,0,X
2014-08-01,31.529498120089624,37.25186845747411,31.218907310780224,36.37657165527344,147511800.0,0.0,0,X
2014-09-01,36.39974146761413,43.87384734357751,35.664584691418035,36.918121337890625,164811600.0,0.0,0,X
2014-10-01,36.7013536224549,39.82106433576347,28.812542593890292,37.73811721801758,229536100.0,0.0,0,X
2014-11-01,37.5119106650998,37.54018842005466,30.8766370347532,31.43271827697754,128145400.0,0.0,0,X
2014-12-01,30.71182548844692,31.051600399626338,24.539257536363202,25.237682342529297,148170600.0,0.0,0,X
2015-01-01,25.662400505801113,25.945545059742525,18.999047094462927,23.06690216064453,228050600.0,0.0,0,X
2015-02-01,23.06690543081006,25.10555154873415,21.6228636805349,22.604434967041016,165199700.0,0.0,0,X
2015-03-01,22.6532781250923,24.355820172822988,20.12783961170826,23.07891273498535,190353600.0,0.0,0,X
2015-04-01,22.937030994335284,26.18132061538256,22.189803139283576,22.719484329223633,177289100.0,0.0,0,X
2015-05-01,22.984326664760484,25.623268823230212,21.934426517094227,23.07891273498535,145662300.0,0.0,0,X
2015-06-01,23.098019235106005,25.54335718390064,19.202538320662832,19.54374885559082,147217300.0,0.0,0,X
2015-07-01,19.685929943082975,19.913403153312114,14.861597530674562,18.453781127929688,259765200.0,0.0,0,X
2015-08-01,18.264218832520235,20.368347130597954,13.449364370153633,15.52505874633789,239104300.0,0.0,0,X
2015-09-01,15.040393675105701,15.809990068227265,9.520199130501485,9.900246620178223,247886900.0,0.0,0,X
2015-10-01,9.814737600944792,12.427567088063983,9.178157253412818,11.097399711608887,207451300.0,0.0,0,X
2015-11-01,11.116398922868786,12.807611524311596,7.125896861595971,7.667464733123779,234825400.0,0.0,0,X
2015-12-01,7.694570248361847,9.145654907517104,6.491696827848508,7.618196964263916,235783100.0,0.0,0,X
2016-01-01,7.494091658147681,7.875956296920776,5.871167512384545,6.682629585266113,199837000.0,0.0,0,X
2016-02-01,6.405776361305834,8.821068819046644,6.367589951673262,8.706509590148926,199412900.0,0.0,0,X
2016-03-01,8.983895400201018,16.372789261893455,8.186394630946728,15.421551704406738,533262700.0,0.0,0,X
2016-04-01,15.162123737253093,19.745350855852102,14.921912647363579,18.361736297607422,339645700.0,0.0,0,X
2016-05-01,18.448212969425732,19.630051125977868,12.269983265793437,13.90341854095459,375459100.0,0.0,0,X
2016-06-01,13.74763861743693,18.025108457930347,13.217771510275726,16.242830276489258,335072000.0,0.0,0,X
2016-07-01,16.088688013578967,26.62822194969136,16.088688013578967,26.483713150024414,300768200.0,0.0,0,X
2016-08-01,26.291036991242688,26.34884014718353,18.169620999150887,18.728389739990234,338719500.0,0.0,0,X
2016-09-01,18.850672493427627,19.574584622101447,15.173198474743797,18.203977584838867,375998100.0,0.0,0,X
2016-10-01,18.281192243465846,20.201971934831057,15.607543381006312,18.667278289794922,370801200.0,0.0,0,X
2016-11-01,19.169195277515094,32.60500368449387,16.456936294671713,31.2150936126709,470946800.0,0.0,0,X
2016-12-01,31.600552554758945,37.870349463697956,30.478181571509744,31.939197540283203,325375600.0,0.0,0,X
2017-01-01,32.645520256093086,36.206142484779555,30.294344129686866,31.648929595947266,363050100.0,0.0,0,X
2017-02-01,32.73259992326346,40.47309017489948,29.713806067638977,37.46397399902344,372952200.0,0.0,0,X
2017-03-01,39.011719241998904,39.51559685525596,29.777202295790456,32.7617073059082,345077700.0,0.0,0,X
2017-04-01,33.19774616568229,33.84697432893908,21.172527785215355,21.627954483032227,531759700.0,0.0,0,X
2017-05-01,21.70547986825959,21.812069871569545,17.974850082728107,20.20353889465332,429545900.0,0.0,0,X
2017-06-01,20.444904988239827,22.630227453361364,19.182274971622377,21.503572463989258,456010800.0,0.0,0,X
2017-07-01,21.53271040191877,26.65122160103889,20.07582878298657,22.81476593017578,371960300.0,0.0,0,X
2017-08-01,22.843904951309177,26.340421317737455,21.736673626219044,25.845081329345703,257745600.0,0.0,0,X
2017-09-01,26.211532271139816,27.593648030627804,22.542112013395066,24.975414276123047,242673200.0,0.0,0,X
2017-10-01,24.819679694992956,28.167903671695495,23.797693626607476,24.644481658935547,253778900.0,0.0,0,X
2017-11-01,27.10698454511335,28.693496626055598,24.78074657983108,28.1484375,213066000.0,0.0,0,X
2017-12-01,28.32690520907129,35.03565368456796,28.0636272901364,34.31407165527344,201631400.0,0.0,0,X
2018-01-01,34.684620423517494,40.68154115332571,34.50910053836979,36.47882080078125,235259500.0,0.0,0,X
2018-02-01,36.24477981191775,45.65457797495262,30.140602465562406,42.42696762084961,278313100.0,0.0,0,X
2018-03-01,44.31314259212715,46.520009615548936,32.08748035149333,34.362701416015625,344434900.0,0.0,0,X
2018-04-01,33.92328572670249,37.448413730578444,31.120756832020888,33.0346794128418,261477200.0,0.0,0,X
2018-05-01,32.360905447907804,38.3077347401618,30.63251809764109,36.00321578979492,201120800.0,0.0,0,X
2018-06-01,36.55405092472713,37.77643086989209,33.014035917635965,33.98216247558594,178143900.0,0.0,0,X
2018-07-01,33.73768699922282,38.03068483501233,33.102047925915,35.62504196166992,144329700.0,0.0,0,X
2018-08-01,35.78150266372898,35.79128006102554,27.782248728545547,29.024187088012695,210621600.0,0.0,0,X
2018-09-01,28.336126267901207,30.275480448590848,27.317474454895752,29.854307174682617,115479500.0,0.0,0,X
2018-10-01,30.265685231903987,30.275480176348037,24.330085277018224,25.985393524169922,184316600.0,0.0,0,X
2018-11-01,26.396771554686,29.227445080552393,21.50920455523999,22.586624145507812,163182400.0,0.0,0,X
2018-12-01,23.59650031235732,23.763294781406174,16.767742483638216,17.89605712890625,159801300.0,0.0,0,X
2019-01-01,17.45454343755219,22.428940590305928,17.30737041819235,22.114974975585938,228134600.0,0.0,0,X
2019-02-01,21.89912178910597,24.27348904381055,21.104396108267526,21.987424850463867,184136500.0,0.0,0,X
2019-03-01,22.173905991102817,22.547569327953745,18.44711731895019,19.164941787719727,179641100.0,0.0,0,X
2019-04-01,19.617273619538626,20.187600274552583,15.221823310127977,15.339822769165039,227460200.0,0.0,0,X
2019-05-01,15.349650961304521,16.706634981106692,11.475363986499856,11.622861862182617,342920000.0,0.0,0,X
2019-06-01,11.689355091370517,15.467433375497063,11.689355091370517,15.102449417114258,245256700.0,0.0,0,X
2019-07-01,15.388516754084531,15.684449008753095,13.001323753552905,14.82624340057373,231233400.0,0.0,0,X
2019-08-01,14.619092717617162,14.905161301809878,10.022266048505177,10.919929504394531,278733900.0,0.0,0,X
2019-09-01,10.739018801320146,13.503028176252599,10.075260192932223,11.442404747009277,280522800.0,0.0,0,X
2019-10-01,11.501844582989166,12.542063305045337,9.837495572489484,11.402776718139648,432880900.0,0.0,0,X
2019-11-01,12.185418901051415,13.899302542830236,12.13588448968647,12.997779846191406,270391500.0,0.0,0,X
2019-12-01,13.204129731089939,14.437046204435548,11.0365849396958,11.344813346862793,301518500.0,0.0,0,X
2020-01-01,11.484013784393929,11.533728318605116,8.948582021882146,9.018181800842285,316225700.0,0.0,0,X
2020-02-01,9.048010922028505,9.823554417331394,7.367665575942082,7.974181175231934,272634200.0,0.0,0,X
2020-03-01,8.11203103805767,8.540028091459895,4.518849365292839,6.280603408813477,469996400.0,0.0,0,X
2020-04-01,6.081534950046134,8.151844124480458,5.822746006607046,7.644220352172852,321825800.0,0.0,0,X
2020-05-01,7.375478360737399,8.759003011844502,6.847947774742743,8.002543449401855,252496500.0,0.0,0,X
2020-06-01,8.022438202405217,10.92247464858338,7.04579355580984,7.195279598236084,437836300.0,0.0,0,X
2020-07-01,7.135485093475619,8.171924253135613,6.557471001573455,6.637197017669678,261957300.0,0.0,0,X
2020-08-01,6.76675243964902,8.211787756579682,6.607300397837241,7.803191661834717,171130400.0,0.0,0,X
2020-09-01,7.74429228766379,9.231275972682818,6.836134003515051,7.3251423835754395,234722600.0,0.0,0,X
2020-10-01,7.39500097613687,10.289131543459366,7.235324990690321,9.640446662902832,240799300.0,0.0,0,X
2020-11-01,9.909900442286375,14.849880683131463,8.941863606453012,14.161276817321777,252924600.0,0.0,0,X
2020-12-01,14.665451054448805,19.980178132936626,14.625490736292099,16.753379821777344,310690900.0,0.0,0,X
2021-01-01,17.222914103362193,24.685510288636653,16.84329154001407,17.742399215698242,361063100.0,0.0,0,X
2021-02-01,18.042100032544266,20.09006940175768,16.11401256861668,16.593538284301758,412538900.0,0.0,0,X
2021-03-01,16.99345058607787,27.389443504473334,16.813519627755305,26.1599178314209,542431900.0,0.0,0,X
2021-04-01,25.63012286521695,26.429815849289312,20.652041618156854,23.001136779785156,416156600.0,0.0,0,X
2021-05-01,23.42097457328513,29.958454235461105,23.01113266648974,25.920011520385742,567561300.0,0.0,0,X
2021-06-01,26.399999618530273,28.790000915527344,22.5,24.0,564526400.0,0.0,0,X
2013-12-01,14.867471449542835,16.148360948488662,13.961699552179558,16.130062103271484,341196700.0,0.0,0,GOLD
2014-01-01,16.431979893395738,18.252674171529677,16.08431069030416,17.639677047729492,304438500.0,0.0,0,GOLD
2014-02-01,17.82266463399612,19.625060522611424,16.779655019924444,18.646093368530273,273431000.0,0.0,0,GOLD
2014-03-01,19.20399778975538,19.350733063761982,16.250946464622004,16.35182762145996,241822800.0,0.0,0,GOLD
2014-04-01,16.443532576136654,17.62658557965765,15.746539363153703,16.02166748046875,241636600.0,0.0,0,GOLD
2014-05-01,15.847426459789695,16.1867511490402,14.187481586973117,14.774423599243164,183447200.0,0.0,0,GOLD
2014-06-01,14.784110962491177,16.87247059471275,14.434517685307526,16.835670471191406,184051900.0,0.0,0,GOLD
2014-07-01,16.835671412218616,17.930450582000525,16.57807755207692,16.633275985717773,227741400.0,0.0,0,GOLD
2014-08-01,16.808073512520348,17.810854149319425,16.329682395845694,16.91847038269043,144027500.0,0.0,0,GOLD
2014-09-01,16.642071725613793,16.725095959341076,13.42251299851587,13.523988723754883,218945300.0,0.0,0,GOLD
2014-10-01,13.616240460588951,13.865317568645267,10.452032587219222,10.950187683105469,325784600.0,0.0,0,GOLD
2014-11-01,10.904060259865922,12.297049592627808,10.0553515855854,10.968636512756348,327294000.0,0.0,0,GOLD
2014-12-01,11.30766910803352,11.594760193817757,9.298034157134426,9.955564498901367,411278400.0,0.0,0,GOLD
2015-01-01,9.761083105896299,12.270811349261884,9.399904189740761,11.83554458618164,477189900.0,0.0,0,GOLD
2015-02-01,11.594758479259255,12.261549041427413,11.00205487413528,12.057807922363281,280878800.0,0.0,0,GOLD
2015-03-01,12.124523871780053,12.189609222500634,9.567588231831088,10.190550804138184,317815300.0,0.0,0,GOLD
2015-04-01,10.292824653293556,12.738184252421549,10.28352738236236,12.105924606323242,272362300.0,0.0,0,GOLD
2015-05-01,11.947858016943108,12.654501064693783,10.720528844776227,11.027360916137695,210441200.0,0.0,0,GOLD
2015-06-01,11.149352292324506,11.364122530719673,9.86073442404774,9.95411205291748,240976700.0,0.0,0,GOLD
2015-07-01,9.926097470257238,10.271596519034684,6.340376361128654,6.5924973487854,481493100.0,0.0,0,GOLD
2015-08-01,6.5551467279713735,7.955819554810449,6.0789183497712,6.489781856536865,518937300.0,0.0,0,GOLD
2015-09-01,6.584589685090114,6.725085547318376,5.535550906507699,5.957039833068848,418116800.0,0.0,0,GOLD
2015-10-01,6.003871793377879,7.802223521264196,5.74161242692598,7.202773094177246,448033100.0,0.0,0,GOLD
2015-11-01,7.127841679476669,7.493131726067324,6.462826203058158,6.874948501586914,297695900.0,0.0,0,GOLD
2015-12-01,6.931199073791504,7.607413857879996,6.517956805257245,6.931199073791504,325166100.0,0.0,0,GOLD
2016-01-01,7.222346957734664,9.344909013938436,6.940590722526402,9.307341575622559,484186200.0,0.0,0,GOLD
2016-02-01,9.420042865037702,13.571248377565155,9.063151792051373,13.045304298400879,519944100.0,0.0,0,GOLD
2016-03-01,13.168153148578948,14.597838778131958,11.888961451354609,12.77310848236084,487197000.0,0.0,0,GOLD
2016-04-01,12.425088337649878,18.247290561281886,12.265189324836872,18.219074249267578,394599000.0,0.0,0,GOLD
2016-05-01,18.30372812476921,18.557685740646633,15.275054190215357,15.773563385009766,407542500.0,0.0,0,GOLD
2016-06-01,15.999176039467985,20.180244380650464,15.660169964310663,20.104909896850586,443279200.0,0.0,0,GOLD
2016-07-01,20.556917732250948,22.101275618268808,18.391049877659277,20.585168838500977,401566800.0,0.0,0,GOLD
2016-08-01,20.56633019976932,21.602180516029414,15.773169800336147,16.018007278442383,347292000.0,0.0,0,GOLD
2016-09-01,15.913058552034512,18.090735621705093,15.799933544676565,16.704940795898438,332828600.0,0.0,0,GOLD
2016-10-01,16.68608734300755,16.912339149254052,14.423566583408256,16.582387924194336,339539100.0,0.0,0,GOLD
2016-11-01,16.95947178836501,17.86448067912297,13.150896677205711,14.1596040725708,426785300.0,0.0,0,GOLD
2016-12-01,14.112735281426426,15.896887446471183,13.036580778927679,15.085050582885742,394366500.0,0.0,0,GOLD
2017-01-01,15.103931775672224,17.558321049324757,14.98121222196315,17.40728187561035,374387000.0,0.0,0,GOLD
2017-02-01,17.1429637505049,19.616233562766002,17.010804913390263,17.53944206237793,310776500.0,0.0,0,GOLD
2017-03-01,17.244751835814597,18.69126951568901,16.40331440154357,17.953828811645508,307158200.0,0.0,0,GOLD
2017-04-01,17.953836372190416,19.24908498692548,15.665880294563172,15.807695388793945,286151400.0,0.0,0,GOLD
2017-05-01,15.68478615509456,16.431679789335245,14.994617284319393,15.6375150680542,280674600.0,0.0,0,GOLD
2017-06-01,15.44851196180948,16.13995503325779,14.690768357404387,15.069640159606934,239565800.0,0.0,0,GOLD
2017-07-01,14.757072766797817,16.21573166812382,14.444503260314175,16.016822814941406,231566200.0,0.0,0,GOLD
2017-08-01,15.90316396795678,17.134498089330965,15.476931953156022,17.039779663085938,224366300.0,0.0,0,GOLD
2017-09-01,17.230048882027692,17.41031972547104,15.237586903557109,15.266051292419434,180024600.0,0.0,0,GOLD
2017-10-01,15.209125486001001,15.977645947224357,13.672082753878469,13.710034370422363,201306200.0,0.0,0,GOLD
2017-11-01,13.776450926270762,13.814402544325036,12.770731690575573,13.074344635009766,198546500.0,0.0,0,GOLD
2017-12-01,13.092574911637238,13.95780663100905,12.626680141642147,13.758137702941895,198277100.0,0.0,0,GOLD
2018-01-01,13.929282140629676,14.756482650378382,13.45388000741013,13.672565460205078,249857800.0,0.0,0,GOLD
2018-02-01,13.567980372652253,13.805681492789052,10.943759788720113,10.953268051147461,287999700.0,0.0,0,GOLD
2018-03-01,10.894439143921149,12.190715005673722,10.551306629788705,11.866645812988281,293429700.0,0.0,0,GOLD
2018-04-01,11.98102520989268,13.15339333300042,11.761802427020866,12.838855743408203,221200400.0,0.0,0,GOLD
2018-05-01,12.810256977156918,13.02948060435028,12.362279881090176,12.57197093963623,169624600.0,0.0,0,GOLD
2018-06-01,12.562118028765735,12.657647810620185,12.008047480504766,12.543012619018555,178561100.0,0.0,0,GOLD
2018-07-01,12.447484736895559,12.982449957055582,10.441367211134704,10.689743041992188,239225600.0,0.0,0,GOLD
2018-08-01,10.641977525456749,10.785271288475622,9.28545971285858,9.9541654586792,308252000.0,0.0,0,GOLD
2018-09-01,9.742863858099074,11.151124661008533,9.129743291004395,10.614644050598145,335719400.0,0.0,0,GOLD
2018-10-01,10.614645330667567,13.50780724207062,10.595485795996131,12.022906303405762,515093400.0,0.0,0,GOLD
2018-11-01,12.281565890694266,12.980906717854014,11.764245666798482,12.214506149291992,283252400.0,0.0,0,GOLD
2018-12-01,12.434690347073174,13.615746371680421,12.18503610893174,13.001213073730469,424482700.0,0.0,0,GOLD
2019-01-01,13.164746481283345,13.213003612045215,11.118613025913048,12.923457145690918,318812400.0,0.0,0,GOLD
2019-02-01,12.89450238672441,13.550809705840253,11.794223552260569,12.199589729309082,322746200.0,0.0,0,GOLD
2019-03-01,12.006557145840224,14.03338796874172,11.755616931937103,13.232307434082031,339062100.0,0.0,0,GOLD
2019-04-01,13.232306615063695,13.473595939977004,12.180285011170351,12.276801109313965,226097900.0,0.0,0,GOLD
2019-05-01,12.257496962950395,12.556696117204941,11.244081660405234,11.987253189086914,274805800.0,0.0,0,GOLD
2019-06-01,12.192837564027014,15.931071072259943,12.173468038231695,15.27252197265625,381243000.0,0.0,0,GOLD
2019-07-01,14.720501900755423,16.9479464799858,14.38154352530958,15.747063636779785,354743700.0,0.0,0,GOLD
2019-08-01,15.350000128310878,19.43687637073635,15.330630600118464,18.76864242553711,389941000.0,0.0,0,GOLD
2019-09-01,19.019857553459353,19.301272845237524,16.428887138639983,16.817047119140625,363424500.0,0.0,0,GOLD
2019-10-01,16.65207807519384,17.67099820514146,15.943685914339113,16.846158981323242,277118700.0,0.0,0,GOLD
2019-11-01,16.71030282691964,16.80734328707057,15.594342162416021,16.302734375,217504900.0,0.0,0,GOLD
2019-12-01,16.312757432172244,18.327518914582495,16.283557317771088,18.093923568725586,219232600.0,0.0,0,GOLD
2020-01-01,18.210719649997436,18.658445438916917,16.799414254803946,18.02579116821289,254467200.0,0.0,0,GOLD
2020-02-01,17.879796480104844,21.967718163497153,17.159541782148366,18.531917572021484,344748100.0,0.0,0,GOLD
2020-03-01,18.964720806177596,21.31822101573184,12.353435119525614,17.8905086517334,600507500.0,0.0,0,GOLD
2020-04-01,17.9783985442627,27.831850231303108,17.83191549451929,25.117023468017578,454719700.0,0.0,0,GOLD
2020-05-01,24.687341953710376,27.695135041868827,22.519385949575277,23.437349319458008,372116200.0,0.0,0,GOLD
2020-06-01,23.604081214614894,26.483583715795977,21.674617809206794,26.38564109802246,385693000.0,0.0,0,GOLD
2020-07-01,26.42481430000675,29.578555432198865,25.347449351769068,28.315099716186523,344305800.0,0.0,0,GOLD
2020-08-01,28.20736372856176,30.577565957155205,25.337657731303928,29.039873123168945,464260900.0,0.0,0,GOLD
2020-09-01,29.730337354131137,30.31964073979155,26.351666233242756,27.60884666442871,368312700.0,0.0,0,GOLD
2020-10-01,27.883851295084543,28.22761173185592,25.104305725016903,26.253446578979492,283355400.0,0.0,0,GOLD
2020-11-01,26.518634483413486,29.0722811416702,21.823853333798017,22.72745132446289,460943800.0,0.0,0,GOLD
2020-12-01,23.527364906508925,23.872484001509946,21.949670360723367,22.462421417236328,369721800.0,0.0,0,GOLD
2021-01-01,23.517504579437965,24.602169719682447,21.574967389150125,22.058137893676758,409196900.0,0.0,0,GOLD
2021-02-01,22.61032820244854,22.649769575787243,18.38013511924202,18.409717559814453,399603000.0,0.0,0,GOLD
2021-03-01,18.82221352248581,21.140317865362583,18.624084203290735,19.614727020263672,421570400.0,0.0,0,GOLD
2021-04-01,19.911920095127936,22.64609437259188,19.75341740276781,21.051158905029297,338631300.0,0.0,0,GOLD
2021-05-01,21.378072049604754,25.132609256586218,21.31863400927163,23.854679107666016,361623400.0,0.0,0,GOLD
2021-06-01,24.1299991607666,24.3700008392334,20.290000915527344,20.68000030517578,326764400.0,0.0,0,GOLD
